#,PRI,Description,DUR,After,Deadline,STA,FIN,REC,DAYS,TYP,Entered,LOC,WEA,EAR,LAT,BEN,CON,PR2,H,S,WLA,LW,Time,Available,Result
2,1,Spike inflatable at cheddar 10.15 or 11.00 for 45 mins tues and thurs,01:00,08/08/2019 09:45,08/08/2019 10:00,,,d,24,,08/08/2019 09:07,1,0,09:45,11:00,1,1,1.414213562,FALSE,FALSE,0,TRUE,FALSE,TRUE,FALSE
3,1,Exercise shower dress Brush teeth (and Sam too),01:00,07/09/2019 00:01,07/09/2019 00:01,,,d,1234567,1,14/05/2018 08:08,1,0,00:01,11:00,19,1,19.02629759,FALSE,FALSE,0,TRUE,FALSE,TRUE,FALSE
4,1,Sam needs a new meal card on 2/10/19,00:30,27/09/2019 08:49,27/09/2019 08:49,,,Yes,45,0,28/05/2019 10:53,0,0,00:00,23:59,32,1,32.01562119,FALSE,FALSE,0,TRUE,FALSE,TRUE,FALSE
5,1,check defib and diary,00:15,09/09/2019 06:30,09/09/2019 06:30,,,d,12345,2,15/05/2018 08:54,2,0,06:00,17:30,119,1,119.0042016,FALSE,FALSE,5,FALSE,FALSE,TRUE,FALSE
6,2,Pick up H from karate,02:10,19/08/2019 20:10,19/08/2019 20:30,,,w1,1,1,30/01/2017 08:09,1,0,07:00,23:59,4,2,4.472135955,FALSE,FALSE,0,TRUE,FALSE,TRUE,FALSE
7,1,sort car insurance Comparethemarket,00:30,22/05/2020 08:46,23/05/2020 08:46,,,y,1234567,0,22/05/2019 08:46,0,0,07:00,07:00,9,2,9.219544457,FALSE,FALSE,0,TRUE,FALSE,TRUE,FALSE
8,1,AC Lunch,01:00,07/09/2019 11:00,07/09/2019 11:00,,,d,1234567,2,14/05/2018 13:54,0,0,11:00,16:00,29,3,29.15475947,FALSE,FALSE,0,TRUE,FALSE,TRUE,FALSE
9,1,Go To Work,01:00,09/09/2019 05:00,09/09/2019 05:00,,,d,12345,1,15/05/2018 08:35,1,0,05:00,14:00,1,4,4.123105626,FALSE,FALSE,0,TRUE,FALSE,TRUE,FALSE
10,1,Hs bday 13/12,00:00,12/12/2019 00:01,14/12/2019 07:01,,,y,1234567,1,14/12/2016 08:38,0,0,00:00,23:59,19,4,19.41648784,FALSE,FALSE,0,TRUE,FALSE,TRUE,FALSE
11,1,DENTIST 03/10 09:15,00:15,03/10/2019 09:00,03/10/2019 09:10,,,,1234567,1,07/01/2019 10:02,2,0,00:00,23:59,79,4,79.101201,FALSE,FALSE,0,FALSE,FALSE,TRUE,FALSE
12,6,Measure Sams Height,00:25,22/08/2019 16:28,ASAP,,,Fw2,1234567,1,13/05/2015 18:07,1,0,07:00,21:00,1,5,5.099019514,FALSE,TRUE,0,TRUE,TRUE,TRUE,TRUE
13,1,Regional Council ,05:00,19/10/2019 10:15,19/10/2019 10:30,,,,6,3,20/02/2019 15:56,0,0,10:15,10:30,21,5,21.58703314,FALSE,FALSE,10,TRUE,FALSE,TRUE,FALSE
14,1,Go Home,01:00,09/09/2019 15:20,09/09/2019 15:20,,,d,12345,2,15/05/2018 08:34,2,0,00:00,23:59,20,6,20.88061302,FALSE,FALSE,0,FALSE,FALSE,TRUE,FALSE
15,2,Go To Bed W/D,07:35,08/04/2019 22:00,08/04/2019 22:00,,,d,12347,1,09/05/2018 07:28,1,0,21:00,23:59,1,7,7.071067812,TRUE,TRUE,0,TRUE,FALSE,TRUE,FALSE
16,1,sam's dentist Starts: 22/10/2019 15:15:00,00:15,22/10/2019 15:00,22/10/2019 15:15,,,,2,,28/08/2019 15:54,0,0,06:00,23:59,1,7,7.071067812,FALSE,FALSE,0,TRUE,FALSE,TRUE,FALSE
17,1,Go to bed at weekend,07:30,07/04/2019 21:00,07/04/2019 21:00,,,d,567,1,13/05/2018 20:46,1,0,21:00,07:00,1,8,8.062257748,FALSE,FALSE,0,TRUE,FALSE,TRUE,FALSE
18,1,Re: year 2 HCS apprentice block Starts: 16/09/2019 14:00:00,03:00,16/09/2019 13:45,16/09/2019 14:00,,,,1,,28/08/2019 08:07,0,0,06:00,23:59,49,8,49.64876635,FALSE,FALSE,1,TRUE,FALSE,TRUE,FALSE
19,1,Get sam ready for swimming,00:10,07/04/2019 15:30,07/04/2019 16:00,,,w,7,1,22/04/2018 15:31,1,0,15:30,16:30,1,9,9.055385138,FALSE,FALSE,0,TRUE,FALSE,TRUE,FALSE
20,1,Meeting with Sally Moyle  Starts: 13/09/2019 14:00:00,01:00,13/09/2019 13:45,13/09/2019 14:00,,,,5,,28/08/2019 08:03,0,0,06:00,23:59,48,9,48.83646179,FALSE,FALSE,10,TRUE,FALSE,TRUE,FALSE
21,2,Sams' homework,00:30,09/08/2019 10:00,09/08/2019 10:00,,,d,1234567,1,18/11/2018 15:02,1,0,10:00,20:00,1,10,10.04987562,FALSE,FALSE,0,TRUE,FALSE,TRUE,FALSE
22,1,Regional Council 3,02:30,25/01/2020 13:15,25/01/2020 13:30,,,,6,3,20/02/2019 16:03,0,0,13:15,13:30,44,10,45.12205669,FALSE,FALSE,10,TRUE,FALSE,TRUE,FALSE
23,2,Practice Guitar (Electronica),01:15,14/08/2019 09:00,14/08/2019 09:00,,,FH12,1234567,1,13/05/2018 20:48,1,0,09:00,23:59,1,11,11.04536102,FALSE,FALSE,0,TRUE,TRUE,TRUE,TRUE
24,1,Dinner,00:30,06/04/2019 18:00,06/04/2019 18:00,,,d,1234567,1,13/05/2018 20:45,0,0,18:00,22:00,39,11,40.52159918,FALSE,FALSE,0,TRUE,TRUE,TRUE,TRUE
25,2,IEC62353 testing,01:00,11/05/2020 15:29,ASAP,,,YES,12345,2,05/04/2013 08:52,2,0,07:00,17:30,113,11,113.5341358,FALSE,FALSE,5,FALSE,FALSE,TRUE,FALSE
26,1,Marc Hods and Unions,01:00,04/10/2019 12:30,18/10/2019 12:30,,,,5,0,17/06/2019 10:07,0,0,00:00,23:59,47,12,48.50773134,FALSE,FALSE,10,TRUE,FALSE,TRUE,FALSE
27,5,File self assessment return,01:00,27/04/2020 10:00,07/10/2020 16:40,,,y,1234567,1,28/04/2016 15:01,0,0,00:00,23:59,13,13,18.38477631,FALSE,FALSE,0,TRUE,FALSE,TRUE,FALSE
28,1,Mother's day is 31st March,00:30,27/03/2020 00:00,31/03/2020 12:00,,,y,1234567,0,31/03/2019 12:15,0,0,00:00,23:59,42,14,44.27188724,FALSE,FALSE,0,TRUE,FALSE,TRUE,FALSE
29,2,Andrews birthday,00:00,22/05/2020 09:00,23/05/2020 09:00,,,y,1234567,1,23/05/2016 15:45,0,0,07:00,23:59,40,15,42.72001873,FALSE,FALSE,0,TRUE,FALSE,TRUE,FALSE
30,1,PDR Starts: 20/09/2019 14:00:00,01:00,20/09/2019 13:45,20/09/2019 14:00,,,,5,,06/09/2019 13:45,0,0,06:00,23:59,52,16,54.40588203,FALSE,FALSE,8,TRUE,FALSE,TRUE,FALSE
31,1,Take H to Karate,00:40,28/01/2019 17:10,28/01/2019 17:10,,,w1,1,1,30/01/2017 08:08,1,0,12:00,18:30,1,17,17.02938637,TRUE,FALSE,0,TRUE,FALSE,TRUE,FALSE
32,1,Triage e-mail,00:15,09/09/2019 06:30,ASAP,,,d,12345,2,15/05/2018 09:14,2,0,00:00,17:30,15,17,22.6715681,FALSE,FALSE,3,FALSE,FALSE,TRUE,FALSE
33,2,Batt's for stop watches,00:30,15/07/2020 14:41,17/08/2020 14:41,,,Yes,12345,2,06/02/2019 08:09,2,0,07:00,17:00,96,18,97.67292358,FALSE,FALSE,6,FALSE,FALSE,TRUE,FALSE
34,5,Sort out clean clothes for morning,00:30,06/04/2019 18:30,06/04/2019 21:00,,,d,1234567,1,12/12/2016 08:14,1,0,17:00,21:00,1,19,19.02629759,FALSE,FALSE,0,TRUE,TRUE,TRUE,TRUE
35,1,House insurance due for renewal on 15th December (Careful it may automatically renew so look into early),01:00,26/11/2019 09:00,10/12/2019 09:00,,,y,1234567,1,15/11/2017 09:01,0,0,00:00,23:59,14,19,23.60084744,FALSE,FALSE,0,TRUE,FALSE,TRUE,FALSE
36,1,feedback to Jane Sayer,00:30,20/06/2019 17:00,20/06/2019 17:00,,,YES,1234567,0,15/04/2019 10:30,1,0,06:00,23:59,41,19,45.18849411,FALSE,FALSE,0,TRUE,TRUE,TRUE,TRUE
37,1,Arrange party for Sam's Birthday,00:30,29/12/2019 12:34,30/12/2019 12:34,,,y,1234567,1,29/12/2018 12:30,0,0,00:00,23:59,16,20,25.61249695,FALSE,FALSE,0,TRUE,FALSE,TRUE,FALSE
38,5,Put out recycling,03:10,09/04/2019 17:52,09/04/2019 21:52,,,w1,23,1,07/12/2016 08:57,1,0,00:00,23:59,1,21,21.02379604,FALSE,FALSE,0,TRUE,FALSE,TRUE,FALSE
39,1,Tea Break (AM),00:15,09/09/2019 09:00,09/09/2019 09:00,,,d,12345,1,19/06/2018 08:05,0,0,00:00,23:59,10,21,23.2594067,FALSE,FALSE,0,TRUE,FALSE,TRUE,FALSE
40,5,Check Payslip,00:15,02/10/2019 08:57,10/10/2019 15:30,,,m,12345,2,29/09/2016 13:48,2,0,07:00,17:30,23,21,31.144823,FALSE,FALSE,3,FALSE,FALSE,TRUE,FALSE
41,6,Do my accounts,00:40,08/04/2019 14:20,10/04/2019 13:20,,,Fd1,1234567,1,31/12/2016 14:04,1,0,00:00,23:59,1,22,22.02271555,FALSE,FALSE,0,TRUE,TRUE,TRUE,TRUE
42,2,Check Fairlands letters,00:05,07/09/2019 13:43,08/09/2019 13:43,,,Fd,123456,1,29/11/2018 09:46,0,0,00:00,23:59,27,22,34.82814953,FALSE,FALSE,0,TRUE,FALSE,TRUE,FALSE
43,2,top IA fund?,00:30,05/03/2020 07:00,07/11/2020 17:00,,,y,12345,3,04/02/2016 10:39,2,0,07:00,17:30,12,23,25.94224354,FALSE,FALSE,10,FALSE,FALSE,TRUE,FALSE
44,2,Renew house insurance? Admiral? see email 20/11/18,00:30,26/11/2019 16:09,29/11/2019 16:09,,,y,1234567,1,26/11/2018 16:09,0,0,00:00,23:59,24,23,33.24154028,FALSE,FALSE,0,TRUE,FALSE,TRUE,FALSE
45,7,fridge clear out,00:15,08/04/2019 18:09,10/04/2019 19:33,,,Fd3,1234567,1,01/05/2015 08:17,1,0,07:00,21:00,1,24,24.0208243,FALSE,FALSE,0,TRUE,TRUE,TRUE,TRUE
46,5,call Andrew,00:35,05/06/2019 18:09,05/06/2019 21:09,,,Fm2,1234567,1,20/05/2015 13:03,1,0,17:00,20:00,1,25,25.01999201,FALSE,FALSE,0,TRUE,FALSE,TRUE,FALSE
47,5,Begin Unison EOY closedown,02:00,12/12/2019 08:01,ASAP,,,y,12345,3,11/12/2015 08:02,2,0,07:00,17:30,13,25,28.17800561,FALSE,FALSE,10,FALSE,FALSE,TRUE,FALSE
48,2,Get an eye test,01:00,16/10/2023 09:19,ASAP,,,Fy5,1234567,1,04/06/2015 13:47,0,0,07:00,23:59,38,25,45.48626166,FALSE,FALSE,0,TRUE,FALSE,TRUE,FALSE
49,5,Take junk to recycling,01:25,01/05/2019 07:51,01/06/2019 07:51,,,m,12367,1,24/11/2016 17:14,1,0,07:00,17:30,1,26,26.01922366,TRUE,FALSE,0,TRUE,FALSE,TRUE,FALSE
50,2,Financial Return,00:30,05/04/2020 10:00,30/11/2021 16:40,,,y,1234567,1,21/12/2016 17:13,0,0,00:00,23:59,43,26,50.24937811,FALSE,FALSE,0,TRUE,FALSE,TRUE,FALSE
51,2,Play games,01:00,06/04/2019 12:17,12/04/2019 12:17,,,d,1234567,1,29/12/2018 12:25,1,1,17:00,20:00,1,27,27.01851217,FALSE,FALSE,0,FALSE,FALSE,TRUE,FALSE
52,5,Send card to Andrew,00:01,20/05/2020 09:30,21/05/2020 10:00,,,y1,1234567,1,24/05/2016 09:14,0,0,00:00,23:59,41,27,49.09175083,FALSE,FALSE,0,TRUE,FALSE,TRUE,FALSE
53,2,Feed the dog,00:30,06/04/2019 13:00,06/04/2019 15:45,,,Fh4,1234567,1,18/04/2016 06:15,1,0,13:00,17:30,1,28,28.01785145,2,FALSE,0,TRUE,FALSE,TRUE,FALSE
54,4,Time out,00:10,06/09/2019 16:00,06/09/2019 16:59,,,Fh2,1234567,1,21/12/2016 17:17,0,0,00:00,23:59,33,28,43.27817002,FALSE,FALSE,0,TRUE,TRUE,TRUE,TRUE
55,1,Order Defib pads 12/19  and  battery 6/21,00:30,14/09/2019 13:28,14/09/2019 13:30,,,Fm12,12345,2,30/03/2015 15:29,2,0,07:00,17:30,78,28,82.87339742,FALSE,FALSE,5,FALSE,FALSE,TRUE,FALSE
56,1,prep Sams swimming stuff,00:20,14/04/2019 11:00,14/04/2019 11:00,,,w,7,1,06/05/2018 17:46,1,0,09:00,15:00,1,29,29.01723626,FALSE,FALSE,0,TRUE,FALSE,TRUE,FALSE
57,2,Print off Barclaycard Statement,00:10,22/08/2019 14:48,29/08/2019 14:48,,,m,12345,3,20/06/2019 14:48,2,0,07:00,17:30,38,29,47.80167361,FALSE,FALSE,10,FALSE,FALSE,TRUE,FALSE
58,2,Soft Play with Sam,03:00,08/04/2019 08:00,15/04/2019 07:00,,,Fw,1234567,1,17/04/2016 09:59,1,0,07:00,17:30,1,30,30.01666204,FALSE,FALSE,0,TRUE,FALSE,TRUE,FALSE
59,3,Sams piano practice,00:15,14/04/2019 17:52,14/04/2019 17:52,,,d,3567,1,30/01/2017 08:08,1,0,10:00,20:00,1,30,30.01666204,FALSE,TRUE,0,TRUE,FALSE,TRUE,FALSE
60,1,UNISON BRANCH EXECUTIVE - FLEX 02/10 13:00,00:30,02/10/2019 10:00,02/10/2019 12:55,,,,12345,2,01/10/2018 08:53,2,0,00:00,23:59,82,30,87.31551981,FALSE,FALSE,10,FALSE,FALSE,TRUE,FALSE
61,7,Go to park with Sam,00:45,04/08/2015 18:30,08/08/2015 20:00,,,Fd,1234567,1,02/05/2015 13:13,1,0,07:00,21:00,1,31,31.01612484,FALSE,FALSE,0,TRUE,TRUE,TRUE,TRUE
62,3,TWS &H,00:30,07/04/2019 14:15,07/04/2019 17:13,,,Fn80,1234567,1,05/07/2016 08:27,1,0,00:00,23:59,1,31,31.01612484,FALSE,TRUE,0,TRUE,TRUE,TRUE,TRUE
63,6,Look up summer holidays for next year,00:30,25/10/2019 16:35,25/05/2020 16:35,,,,12345,2,04/08/2015 09:37,2,0,07:00,17:30,46,31,55.47071299,FALSE,FALSE,3,FALSE,FALSE,TRUE,FALSE
64,1,Sams reading and spelling practice WD,00:45,25/03/2019 16:30,25/03/2019 21:00,,,d,12345,1,30/01/2017 08:10,1,0,07:00,21:00,1,33,33.01514804,FALSE,TRUE,0,TRUE,TRUE,TRUE,TRUE
65,2,Check my bag contents,00:20,09/09/2019 14:00,10/09/2019 14:00,,,Fd,12345,1,14/11/2018 07:59,2,0,07:00,17:00,18,32,36.7151195,FALSE,FALSE,0,FALSE,FALSE,TRUE,FALSE
66,6,Change the bedding,00:35,18/08/2015 14:03,18/08/2015 17:02,,,Fw,1234567,1,16/06/2015 13:13,1,0,07:00,21:00,1,34,34.0147027,FALSE,FALSE,0,TRUE,TRUE,TRUE,TRUE
67,2,Unison accounts,01:00,22/08/2019 08:00,22/08/2019 08:00,,,d,12345,3,15/05/2018 12:45,2,0,08:00,17:30,60,33,68.47627326,FALSE,FALSE,10,FALSE,FALSE,TRUE,FALSE
68,2,Download payslip,00:10,02/09/2019 08:44,17/09/2019 08:44,,,m,12345,2,30/07/2018 08:44,2,0,07:00,17:30,5,34,34.36568055,FALSE,FALSE,3,FALSE,FALSE,TRUE,FALSE
69,10,Move abroad,00:30,20/06/2019 16:00,ASAP,,,Yes,1234567,1,28/06/2015 13:13,1,0,00:00,23:59,27,35,44.20407221,FALSE,FALSE,0,TRUE,TRUE,TRUE,TRUE
70,1,Stewards Group,00:30,06/02/2019 11:15,06/02/2019 11:30,,,,3,3,06/02/2019 12:35,0,0,11:15,11:30,37,34,50.24937811,FALSE,FALSE,10,TRUE,FALSE,TRUE,FALSE
71,3,Go shopping,03:20,30/03/2019 15:00,05/04/2019 15:30,,,w,1234567,1,27/01/2017 07:45,1,0,08:00,19:30,1,36,36.01388621,TRUE,FALSE,0,TRUE,FALSE,TRUE,FALSE
72,6,book birthday hols,00:30,01/01/2020 09:02,01/01/2020 09:02,,,y1,12345,2,11/04/2016 08:13,2,0,07:00,17:30,8,35,35.90264614,FALSE,FALSE,3,FALSE,FALSE,TRUE,FALSE
73,2,Book time off during Sams school holidays,00:40,18/03/2020 07:00,02/06/2020 16:40,,,y,12345,2,16/03/2016 10:43,2,0,07:00,17:30,47,35,58.6003413,FALSE,FALSE,3,FALSE,FALSE,TRUE,FALSE
74,8,Dispose of paint from shed,01:45,20/11/2015 07:00,ASAP,,,,1234567,1,09/07/2015 13:13,1,0,00:01,17:30,1,37,37.01351105,FALSE,FALSE,0,TRUE,FALSE,TRUE,FALSE
75,1,MOT due 10th November,00:30,01/10/2019 07:00,02/11/2019 00:00,,,y,1234567,1,02/10/2018 15:52,0,0,00:00,23:59,22,36,42.19004622,FALSE,FALSE,0,TRUE,FALSE,TRUE,FALSE
76,5,Tidy Lab,00:25,20/08/2019 15:01,ASAP,,,d,12345,2,17/06/2016 15:20,2,0,07:00,23:59,95,36,101.5923225,FALSE,FALSE,6,FALSE,TRUE,TRUE,FALSE
77,2,Boiler Cover,00:30,18/08/2019 07:00,20/08/2019 07:00,,,,1234567,0,24/04/2019 14:12,0,0,07:00,07:00,23,37,43.56604182,FALSE,FALSE,0,TRUE,FALSE,TRUE,FALSE
78,1,Tea Break (pm),00:15,06/09/2019 13:30,06/09/2019 13:30,,,d,12345,2,14/05/2018 14:38,2,0,12:00,17:30,50,37,62.20128616,FALSE,FALSE,6,FALSE,FALSE,TRUE,FALSE
79,5,Regs Birthday,01:00,04/04/2020 13:35,07/04/2020 09:00,,,y,1234567,1,07/04/2016 08:56,0,0,07:00,23:59,26,38,46.04345773,FALSE,FALSE,0,TRUE,FALSE,TRUE,FALSE
80,2,Post room,00:05,08/08/2019 08:00,08/08/2019 15:00,,,d,12345,2,12/12/2016 17:16,2,0,07:00,17:30,61,38,71.86793444,FALSE,FALSE,3,FALSE,FALSE,TRUE,FALSE
81,2,Read gas and electric meter,00:15,20/04/2018 07:00,20/05/2018 21:00,,,m,1234567,1,02/06/2015 15:28,1,0,07:00,21:00,1,40,40.01249805,FALSE,FALSE,0,TRUE,TRUE,TRUE,TRUE
82,1,Friday bank,00:05,09/08/2019 12:40,09/08/2019 12:40,,,w,1234567,2,11/05/2018 13:58,0,0,07:00,17:30,4,39,39.20459157,FALSE,FALSE,0,TRUE,FALSE,TRUE,FALSE
83,3,UNISON notice board,00:45,07/08/2019 07:49,ASAP,,,w,12345,2,26/09/2018 07:48,2,0,07:00,17:30,81,39,89.89994438,FALSE,FALSE,10,FALSE,FALSE,TRUE,FALSE
84,1,Get mums birthday present,00:00,06/12/2019 15:30,12/12/2019 08:32,,,y,1234567,1,10/01/2014 08:13,0,0,00:00,23:59,17,40,43.46262762,FALSE,FALSE,0,TRUE,FALSE,TRUE,FALSE
85,6,Tanita,00:15,06/08/2019 16:49,ASAP,,,Fw,12345,2,25/05/2016 08:16,2,0,07:00,17:30,53,40,66.4003012,FALSE,FALSE,6,FALSE,FALSE,TRUE,FALSE
86,9,Sort out sams old toys,01:00,18/07/2015 07:00,ASAP,,,Fm8,1234567,1,14/05/2015 13:13,1,0,00:01,21:00,1,42,42.01190308,FALSE,FALSE,0,TRUE,TRUE,TRUE,TRUE
87,9,Buy a new hob,00:30,27/04/2019 08:15,ASAP,,,,1234567,1,26/06/2015 13:13,1,0,00:00,23:59,1,42,42.01190308,TRUE,FALSE,0,TRUE,TRUE,TRUE,TRUE
88,1,Take pills,00:05,07/08/2019 06:58,ASAP,,,d,1234567,1,30/07/2018 07:59,0,0,00:00,23:59,3,41,41.10960958,FALSE,FALSE,0,TRUE,TRUE,TRUE,TRUE
89,6,check batteries in watches,00:30,24/01/2020 16:39,ASAP,,,M6,12345,2,19/06/2013 16:39,2,0,07:00,17:30,100,41,108.078675,FALSE,FALSE,6,FALSE,FALSE,TRUE,FALSE
90,9,Play tennis,01:45,01/05/2015 15:30,ASAP,,,Fw,1234567,1,01/07/2015 13:13,1,0,00:01,21:00,1,43,43.01162634,FALSE,FALSE,0,TRUE,TRUE,TRUE,TRUE
91,1,Play reading,03:00,15/04/2019 19:15,15/04/2019 19:30,,,,1,1,04/03/2019 08:16,0,0,19:15,19:30,25,42,48.87739764,FALSE,FALSE,0,TRUE,FALSE,TRUE,FALSE
92,5,order replacement OB xdr,00:30,15/08/2019 15:29,15/08/2019 15:29,,,,12345,2,12/02/2016 09:13,2,0,07:00,17:30,98,42,106.6208235,FALSE,FALSE,6,FALSE,FALSE,TRUE,FALSE
93,2,bubbles at apex 5th Aug,03:00,05/08/2018 09:00,05/08/2018 16:00,,,,1234567,1,28/07/2017 13:16,1,0,09:00,13:00,1,44,44.01136217,FALSE,TRUE,0,TRUE,FALSE,TRUE,FALSE
94,2,Call mum,00:30,11/08/2019 11:01,11/08/2019 16:31,,,w,1234567,1,06/03/2019 08:13,0,0,09:45,20:30,18,43,46.61544808,FALSE,FALSE,0,TRUE,TRUE,TRUE,TRUE
95,1,Stewards group meeting,01:00,20/03/2019 12:45,20/03/2019 13:00,,,,3,3,20/03/2019 08:05,0,0,12:45,13:00,35,44,56.22277119,FALSE,FALSE,10,TRUE,FALSE,TRUE,FALSE
96,5,cut nails,00:15,01/05/2019 21:20,02/05/2019 02:12,,,Fm,1234567,1,29/06/2016 15:51,1,0,00:00,23:59,1,46,46.01086828,FALSE,FALSE,0,TRUE,TRUE,TRUE,TRUE
97,2,In tray 3,00:10,06/08/2019 13:25,06/08/2019 13:25,,,d,12345,2,20/04/2017 14:27,2,0,07:00,17:30,83,45,94.41398202,FALSE,FALSE,3,FALSE,FALSE,TRUE,FALSE
98,8,Weekend exercises,00:15,28/11/2015 19:00,ASAP,,,d,67,1,24/06/2015 15:54,1,0,00:00,23:59,1,47,47.01063709,FALSE,FALSE,0,TRUE,FALSE,TRUE,FALSE
99,5,Update diaries,00:30,12/08/2019 10:15,12/08/2019 10:15,,,w,123457,2,13/04/2016 07:45,2,0,07:00,17:30,69,46,82.92767934,FALSE,FALSE,3,FALSE,FALSE,TRUE,FALSE
100,2,script to Ashcot or street,01:00,31/05/2019 15:00,07/06/2019 15:00,,,,1234567,0,30/05/2019 09:52,1,0,00:00,23:59,1,48,48.01041554,FALSE,FALSE,0,TRUE,TRUE,TRUE,TRUE
101,9,write the importance of eating biscuits,01:00,24/07/2019 15:01,ASAP,,,d,1234567,1,09/05/2016 17:03,0,0,00:00,10:00,36,47,59.20304046,FALSE,FALSE,0,TRUE,FALSE,TRUE,FALSE
102,6,Prepare a shopping list,00:20,15/05/2016 22:27,16/05/2016 18:57,,,Fw1,1234567,1,08/05/2016 22:27,1,0,07:00,23:59,1,49,49.01020302,TRUE,FALSE,0,TRUE,TRUE,TRUE,TRUE
103,1,BRANCH EXECUTIVE MEETING 04/12 13:30,03:00,04/12/2019 13:15,04/12/2019 13:25,,,,12345,2,01/10/2018 08:54,2,0,00:00,23:59,66,48,81.60882305,FALSE,FALSE,10,FALSE,FALSE,TRUE,FALSE
104,1,BRANCH EXECUTIVE MEETING 06/11 13:30,03:00,06/11/2019 13:15,06/11/2019 13:25,,,,12345,2,01/10/2018 08:53,2,0,00:00,23:59,67,48,82.41965785,FALSE,FALSE,10,FALSE,FALSE,TRUE,FALSE
105,5,Go swimming on Saturday,01:30,29/07/2017 07:00,29/07/2017 07:00,,,w1,6,1,12/12/2016 08:14,1,0,00:01,21:00,1,50,50.009999,FALSE,TRUE,0,TRUE,FALSE,TRUE,FALSE
106,2,Install Cortex & monark & wattbike,01:00,04/09/2019 11:17,ASAP,,,,12345,,21/08/2019 07:46,2,0,09:00,17:30,59,49,76.69419796,FALSE,FALSE,6,FALSE,TRUE,TRUE,FALSE
107,6,Water the garden,00:30,07/05/2016 05:00,ASAP,,,Fd2,1234567,1,05/05/2016 05:00,1,0,00:01,21:00,1,51,51.00980298,FALSE,FALSE,0,TRUE,TRUE,TRUE,TRUE
108,5,me time at week end,03:40,08/05/2016 23:38,ASAP,,,Fh2,67,1,08/05/2016 21:38,1,0,00:00,23:59,1,51,51.00980298,FALSE,FALSE,0,TRUE,FALSE,TRUE,FALSE
109,2,return script to Jane,00:30,05/09/2019 15:30,ASAP,,,,1234567,,05/09/2019 08:12,0,0,07:00,17:00,51,50,71.42128534,FALSE,FALSE,0,TRUE,FALSE,TRUE,FALSE
110,1,UNISON BRANCH EXECUTIVE - FLEX 06/11 13:00,00:30,06/11/2019 10:00,06/11/2019 12:55,,,,12345,2,01/10/2018 08:53,2,0,00:00,23:59,73,51,89.05054744,FALSE,FALSE,10,FALSE,FALSE,TRUE,FALSE
111,3,Clean a room,00:30,09/01/2016 09:00,ASAP,,,d,1234567,1,15/10/2015 20:36,1,0,07:00,17:30,1,53,53.00943312,FALSE,FALSE,0,TRUE,FALSE,TRUE,FALSE
112,2,Prep project induction material,01:00,06/09/2019 10:28,18/09/2019 12:30,,,,12345,,06/09/2019 10:30,2,0,07:00,17:30,85,52,99.64436763,FALSE,FALSE,6,FALSE,FALSE,TRUE,FALSE
113,7,Hoover,00:45,18/07/2015 07:00,19/07/2015 21:00,,,Fd7,1234567,1,04/05/2015 14:38,1,0,07:00,21:00,1,54,54.00925847,FALSE,FALSE,0,TRUE,TRUE,TRUE,TRUE
114,1,BRANCH EXECUTIVE MEETING 02/10 13:30,03:00,02/10/2019 13:15,02/10/2019 13:25,,,,12345,2,01/10/2018 08:53,2,0,00:00,23:59,77,53,93.47726996,FALSE,FALSE,10,FALSE,FALSE,TRUE,FALSE
115,1,BRANCH EXECUTIVE MEETING 04/09 13:30,03:00,04/09/2019 13:15,04/09/2019 13:25,,,,12345,2,01/10/2018 08:53,2,0,00:00,23:59,84,54,99.85990186,FALSE,FALSE,10,FALSE,TRUE,TRUE,FALSE
116,4,update linked in,00:30,06/08/2019 13:50,13/08/2019 13:50,,,w,1234567,1,28/02/2017 08:45,0,0,00:00,23:59,7,55,55.4436651,FALSE,FALSE,0,TRUE,TRUE,TRUE,TRUE
117,1,UNISON BRANCH EXECUTIVE - FLEX 04/12 13:00,00:30,04/12/2019 10:00,04/12/2019 12:55,,,,12345,2,01/10/2018 08:54,2,0,00:00,23:59,93,55,108.0462864,FALSE,FALSE,10,FALSE,FALSE,TRUE,FALSE
118,3,Timetabling,00:35,12/08/2019 08:00,12/08/2019 08:00,,,w,12345,2,14/05/2018 13:54,2,0,07:00,17:30,76,56,94.40338977,FALSE,FALSE,3,FALSE,FALSE,TRUE,FALSE
119,6,trim hedge,01:30,11/07/2015 07:00,ASAP,,,Fw3,1234567,1,28/05/2015 13:13,1,0,07:00,21:00,1,58,58.00862005,FALSE,FALSE,0,TRUE,TRUE,TRUE,TRUE
120,3,java,00:30,22/08/2019 14:27,22/08/2019 14:27,,,fn30,1234567,2,15/05/2018 11:32,0,0,07:00,17:30,31,57,64.88451279,FALSE,FALSE,6,TRUE,FALSE,TRUE,FALSE
121,7,Wash floor,01:00,27/05/2015 11:04,27/05/2015 11:04,,,Fm,1234567,1,27/05/2015 11:06,1,0,00:01,21:00,1,59,59.00847397,FALSE,FALSE,0,TRUE,TRUE,TRUE,TRUE
122,3,Line learner,00:10,02/08/2019 13:35,02/08/2019 13:35,,,Fn20,1234567,1,18/07/2018 16:02,0,0,00:00,23:59,30,58,65.29931087,FALSE,FALSE,0,TRUE,TRUE,TRUE,TRUE
123,4,Read e-mail pm,00:15,07/08/2019 12:00,ASAP,,,d,12345,2,07/07/2016 11:25,2,0,07:00,23:59,57,58,81.32035416,FALSE,FALSE,3,FALSE,TRUE,TRUE,FALSE
124,7,Sams room,00:30,19/11/2015 17:13,ASAP,,,,1234567,1,18/06/2015 13:13,1,0,07:00,21:00,1,60,60.00833275,FALSE,FALSE,0,TRUE,TRUE,TRUE,TRUE
125,1,Check first aid boxes,00:35,19/08/2019 14:36,18/09/2019 15:14,,,Fm,12345,2,30/01/2017 16:35,2,0,07:00,17:30,72,59,93.08598176,FALSE,FALSE,5,FALSE,FALSE,TRUE,FALSE
126,8,Play Star Craft,01:45,30/04/2015 17:30,30/04/2015 17:30,,,Fh12,1234567,1,05/05/2015 13:13,1,0,00:00,23:59,1,61,61.00819617,FALSE,FALSE,0,TRUE,TRUE,TRUE,TRUE
127,8,Tighten back gate,00:20,20/11/2015 07:00,ASAP,,,,1234567,1,25/07/2015 17:05,1,0,00:01,21:00,1,61,61.00819617,FALSE,FALSE,0,TRUE,TRUE,TRUE,TRUE
128,2,Order regulators from NSPIRE HEALTH Ltd,00:30,01/11/2019 09:00,04/11/2019 09:00,,,,12345,2,04/07/2018 08:12,2,0,07:00,17:30,74,60,95.26804291,FALSE,FALSE,5,FALSE,FALSE,TRUE,FALSE
129,2,Pear tree cutting for Paul K,00:30,05/12/2018 10:53,ASAP,,,,1234567,1,05/07/2018 10:53,1,0,08:00,19:00,1,62,62.00806399,FALSE,FALSE,0,TRUE,FALSE,TRUE,FALSE
130,8,Programming lessons,01:00,03/08/2019 17:30,ASAP,,,d,1234567,1,09/05/2016 17:03,0,0,00:00,23:59,15,61,62.8171951,FALSE,FALSE,0,TRUE,TRUE,TRUE,TRUE
131,3,MS powerapps in uwe inbox look at,00:30,30/07/2018 08:38,ASAP,,,d,1234567,1,30/07/2018 08:37,0,0,00:00,23:59,34,61,69.83552105,FALSE,FALSE,0,TRUE,TRUE,TRUE,TRUE
132,4,PAT testing,01:00,01/06/2020 09:53,31/07/2020 09:53,,,Yes,12345,2,14/03/2016 08:29,2,0,07:00,17:30,115,61,130.1768028,FALSE,FALSE,6,FALSE,FALSE,TRUE,FALSE
133,7,Back Garden,01:30,18/07/2015 07:00,01/08/2015 17:00,,,Fw,1234567,1,27/05/2015 13:13,1,0,07:00,17:30,1,63,63.00793601,FALSE,FALSE,0,TRUE,FALSE,TRUE,FALSE
134,2,Generate GL2,00:30,12/08/2019 08:00,22/08/2019 08:00,,,m,12345,3,14/05/2018 13:55,2,0,07:00,17:30,58,62,84.89994111,FALSE,FALSE,10,FALSE,FALSE,TRUE,FALSE
135,9,Go and see Dave - drop in to see Sara,05:00,18/07/2015 07:00,ASAP,,,Fm3,1234567,1,05/07/2015 13:13,1,0,00:01,17:30,1,64,64.00781202,FALSE,FALSE,0,TRUE,FALSE,TRUE,FALSE
136,1,Creally,00:30,05/08/2019 14:16,06/08/2019 14:16,,,,1234567,,05/08/2019 14:16,0,0,00:00,23:59,2,63,63.03173804,FALSE,FALSE,0,TRUE,TRUE,TRUE,TRUE
137,8,Go for a run,01:20,23/05/2015 17:01,23/05/2015 17:01,,,Fd,1234567,1,23/05/2015 17:02,1,0,00:01,21:00,1,65,65.00769185,FALSE,FALSE,0,TRUE,TRUE,TRUE,TRUE
138,2,look at order of activities in EMG gallery - changed relative to handout,00:30,14/08/2019 15:51,15/08/2019 11:03,,,,12345,2,14/11/2018 11:03,2,0,07:00,17:00,111,64,128.1288414,FALSE,FALSE,6,FALSE,FALSE,TRUE,FALSE
139,8,Go to see dave,00:30,16/04/2016 07:00,ASAP,,,m3,1234567,1,01/12/2014 13:11,1,0,00:01,19:00,1,66,66.00757532,FALSE,FALSE,0,TRUE,FALSE,TRUE,FALSE
140,9,Take Sam to Cribbs,02:00,21/11/2015 07:00,ASAP,,,,1234567,1,02/05/2015 12:44,1,0,00:01,17:30,1,66,66.00757532,FALSE,FALSE,0,TRUE,FALSE,TRUE,FALSE
141,2,Regime data,00:30,07/08/2019 07:47,ASAP,,,w,12345,0,24/04/2019 07:48,2,0,07:00,17:30,17,65,67.18630813,FALSE,FALSE,0,FALSE,FALSE,TRUE,FALSE
142,9,Clean Windows,01:00,18/07/2015 07:00,ASAP,,,Fm,1234567,1,08/05/2015 13:13,1,0,00:01,17:30,1,67,67.00746227,FALSE,FALSE,0,TRUE,FALSE,TRUE,FALSE
143,5,Book Skiing,00:30,02/01/2017 08:13,ASAP,,,,1234567,1,03/08/2016 08:11,1,0,00:00,23:59,1,67,67.00746227,FALSE,FALSE,0,TRUE,TRUE,TRUE,TRUE
144,5,check mouthpieces and order if necessary,00:25,25/09/2019 16:34,ASAP,,,Fm2,12345,2,07/03/2016 13:49,2,0,07:00,17:30,97,66,117.3243368,FALSE,FALSE,6,FALSE,FALSE,TRUE,FALSE
145,5,Arrange trip to London,00:30,01/04/2019 12:28,ASAP,,,,1234567,1,30/10/2014 09:24,1,0,07:00,23:59,1,68,68.00735254,FALSE,FALSE,0,TRUE,TRUE,TRUE,TRUE
146,6,Go to Garden Centre,01:30,25/01/2016 11:00,ASAP,,,,1234567,1,25/05/2015 10:02,1,0,07:00,17:30,1,68,68.00735254,FALSE,FALSE,0,TRUE,FALSE,TRUE,FALSE
147,6,Go cycling along strawberry line with Sam,04:00,01/04/2018 18:50,14/04/2018 01:14,,,Fw1,1234567,1,25/05/2015 10:04,1,0,07:00,21:00,1,68,68.00735254,FALSE,TRUE,0,TRUE,TRUE,TRUE,TRUE
148,6,Clean chairs,00:30,19/11/2015 08:35,ASAP,,,,1234567,1,19/07/2015 21:17,1,0,07:00,21:00,1,68,68.00735254,FALSE,FALSE,0,TRUE,TRUE,TRUE,TRUE
149,6,Go to Splash,03:00,05/06/2016 05:00,05/07/2016 05:00,,,Fm1,1234567,1,05/05/2016 05:00,1,0,00:01,17:30,1,68,68.00735254,TRUE,TRUE,0,TRUE,FALSE,TRUE,FALSE
150,2,upload accounts to sharepoint,00:30,01/06/2019 08:00,01/06/2019 15:00,,,m,12345,3,25/03/2019 16:44,2,0,07:00,19:30,68,67,95.46203434,FALSE,FALSE,10,FALSE,FALSE,TRUE,FALSE
151,5,me time (week days),03:00,22/02/2019 15:53,ASAP,,,Fd1,12345,1,05/05/2016 22:28,1,0,07:00,23:59,1,69,69.007246,FALSE,FALSE,0,TRUE,TRUE,TRUE,TRUE
152,3,Put on the dishwasher clean food prep area,01:20,31/03/2018 14:00,31/03/2018 14:00,,,Fh2,1234567,1,20/05/2016 15:45,1,0,07:00,21:00,1,69,69.007246,FALSE,FALSE,0,TRUE,TRUE,TRUE,TRUE
153,2,Spirometer transducers,02:00,23/10/2018 16:38,ASAP,,,,12345,2,26/06/2018 16:53,2,0,07:00,17:30,71,68,98.31073187,FALSE,FALSE,6,FALSE,FALSE,TRUE,FALSE
154,5,FiTest list W/D,01:05,22/02/2019 14:55,ASAP,,,d,1234567,1,06/07/2016 08:04,1,0,00:00,23:59,1,70,70.00714249,FALSE,FALSE,0,TRUE,TRUE,TRUE,TRUE
155,1,Stewards and Health and Safety reps meeting,01:00,19/06/2019 12:45,19/06/2019 13:00,,,,3,0,19/06/2019 07:51,0,0,00:00,23:59,45,69,82.37718131,FALSE,FALSE,10,TRUE,FALSE,TRUE,FALSE
156,2,casework,01:00,07/08/2019 07:53,08/08/2019 07:53,,,,12345,,07/08/2019 07:53,2,0,07:00,17:30,65,69,94.79451461,FALSE,FALSE,10,FALSE,FALSE,TRUE,FALSE
157,1,Sam's swimming lesson,00:30,03/02/2019 15:45,03/02/2019 15:45,,,w,7,1,22/04/2018 15:36,1,0,15:45,16:30,1,71,71.0070419,FALSE,FALSE,0,TRUE,FALSE,TRUE,FALSE
158,4,Casework review,01:00,22/04/2019 09:06,06/05/2019 08:07,,,m,12345,3,22/08/2016 08:06,2,0,07:00,17:30,94,70,117.2006826,FALSE,FALSE,10,FALSE,FALSE,TRUE,FALSE
159,5,Do Laundry,00:30,20/05/2016 17:45,20/05/2016 17:45,,,Fh2,1234567,1,20/05/2016 15:45,1,0,07:00,21:00,1,72,72.00694411,FALSE,FALSE,0,TRUE,TRUE,TRUE,TRUE
160,2,wearlink straps are due back from Katie mid august,00:15,23/08/2019 14:33,26/08/2019 14:33,,,,12345,2,23/05/2019 14:33,2,0,07:00,17:30,70,71,99.70456359,FALSE,FALSE,6,FALSE,FALSE,TRUE,FALSE
161,2,Water the house and greenhouse plants,00:15,01/04/2018 10:00,01/04/2018 19:34,,,d,1234567,1,13/06/2015 13:13,1,0,10:01,20:00,1,73,73.00684899,FALSE,FALSE,0,TRUE,FALSE,TRUE,FALSE
162,2,consultative ballot ends 1 July,00:30,10/07/2019 13:17,10/07/2019 13:17,,,,12345,3,29/05/2019 11:19,2,0,07:00,17:30,40,72,82.36504113,FALSE,FALSE,10,FALSE,FALSE,TRUE,FALSE
163,2,High Tide BOS 20th Feb,02:00,19/02/2019 14:04,20/02/2019 08:00,,,d28,1234567,1,09/02/2019 14:05,1,0,00:00,23:59,1,74,74.00675645,FALSE,FALSE,0,TRUE,TRUE,TRUE,TRUE
164,3,Logitech camera system,01:00,28/08/2019 07:44,04/09/2019 07:44,,,,12345,,28/08/2019 07:44,2,0,07:00,17:30,86,73,112.8051417,FALSE,FALSE,6,FALSE,FALSE,TRUE,FALSE
165,6,Go to Fyne House,06:00,12/08/2015 08:31,12/08/2015 09:31,,,Fm,1234567,1,13/07/2015 11:42,1,0,07:00,17:30,1,75,75.00666637,TRUE,TRUE,0,TRUE,FALSE,TRUE,FALSE
166,3,In tray 1,00:25,12/07/2019 07:00,12/07/2019 15:30,,,d,12345,2,20/04/2017 14:27,2,0,07:00,17:30,6,74,74.24284477,FALSE,FALSE,3,FALSE,FALSE,TRUE,FALSE
167,1,list reprioritisation,01:00,31/03/2019 09:00,ASAP,,,,1234567,0,29/03/2019 13:45,1,0,00:01,23:59,1,76,76.00657866,FALSE,FALSE,3,TRUE,TRUE,TRUE,TRUE
168,6,Replace spirometer tubing,01:00,15/04/2019 11:00,25/04/2019 16:40,,,y,12345,2,24/10/2013 14:19,2,0,07:00,17:30,109,75,132.3102415,FALSE,FALSE,6,FALSE,FALSE,TRUE,FALSE
169,7,RP / MO to design and order bespoke trolley for Douglas bags when new budget released in August.,00:40,20/11/2015 07:00,ASAP,,,,12345,2,10/09/2015 14:32,2,0,07:00,23:59,116,75,138.1339929,FALSE,FALSE,6,FALSE,TRUE,TRUE,FALSE
170,7,Guttering Cleared,02:55,27/09/2016 11:23,27/09/2016 11:23,,,Fm12,1234567,1,04/06/2015 13:51,1,0,07:00,17:30,1,77,77.00649323,TRUE,FALSE,0,TRUE,FALSE,TRUE,FALSE
171,6,Labchart installation development,01:10,08/01/2016 07:00,ASAP,,,Yes,12345,2,05/04/2013 08:53,2,0,07:00,17:30,87,76,115.5205609,FALSE,FALSE,6,FALSE,FALSE,TRUE,FALSE
172,2,Kitchen,01:10,21/01/2019 09:00,22/01/2019 18:00,,,d,1234567,1,29/08/2015 14:47,1,0,09:00,18:00,1,78,78.00640999,FALSE,FALSE,0,TRUE,FALSE,TRUE,FALSE
173,5,Service bikes,00:30,27/06/2016 09:11,06/08/2016 14:46,,,,12345,2,06/04/2016 14:48,2,0,07:00,17:30,114,77,137.5681649,FALSE,FALSE,6,FALSE,FALSE,TRUE,FALSE
174,7,Fill in the trained and active plan,01:00,30/11/2015 11:29,ASAP,,,m,12345,2,25/06/2015 11:30,2,0,07:00,17:30,118,77,140.9006742,FALSE,FALSE,10,FALSE,FALSE,TRUE,FALSE
175,7,Clean Car,00:45,24/06/2015 17:30,24/06/2015 17:30,,,Fw,1234567,1,03/05/2015 13:13,1,0,00:01,21:00,1,79,79.00632886,FALSE,FALSE,0,TRUE,TRUE,TRUE,TRUE
176,2,replace and new posters,00:30,29/03/2019 09:25,29/03/2019 10:25,,,d,12345,3,03/10/2018 08:08,2,0,07:00,17:30,99,78,126.0357092,FALSE,FALSE,10,FALSE,FALSE,TRUE,FALSE
177,2,Look at new slag for projects,00:30,11/02/2019 09:02,ASAP,,,,12345,2,11/02/2019 09:02,2,0,07:00,17:00,110,78,134.8480626,FALSE,FALSE,3,FALSE,FALSE,TRUE,FALSE
178,6,Go to allotment,01:00,23/02/2019 07:42,ASAP,,,Fd,1234567,1,25/05/2015 09:59,1,0,07:00,17:30,1,80,80.00624976,Fa,FALSE,0,TRUE,FALSE,TRUE,FALSE
179,2,Order keyboards and mice for lab,00:30,04/09/2019 07:47,ASAP,,,,12345,,04/09/2019 07:47,2,0,07:00,17:30,62,79,100.4241007,FALSE,FALSE,6,FALSE,FALSE,TRUE,FALSE
180,5,Plant potatoes,01:00,22/07/2017 15:45,24/07/2017 18:15,,,d,1234567,1,27/01/2017 07:45,1,0,00:00,23:59,1,81,81.0061726,FALSE,FALSE,0,TRUE,TRUE,TRUE,TRUE
181,2,Workload analysis,01:00,04/09/2018 09:00,30/09/2018 09:00,,,,12345,2,01/10/2018 14:01,2,0,07:00,17:30,112,80,137.6372043,FALSE,FALSE,3,FALSE,FALSE,TRUE,FALSE
182,3,Take photographs,01:00,18/07/2015 07:00,17/08/2015 21:00,,,Fw,1234567,1,04/06/2015 13:13,1,0,07:00,21:00,1,82,82.00609733,FALSE,FALSE,0,TRUE,TRUE,TRUE,TRUE
183,3,read VC update,00:20,06/06/2019 07:48,10/06/2019 07:48,,,,12345,2,06/06/2019 07:48,2,0,07:00,17:30,88,81,119.6035117,FALSE,FALSE,8,FALSE,FALSE,TRUE,FALSE
184,2,go to beach,02:00,13/07/2019 06:00,ASAP,,,YES,1234567,3,29/12/2018 12:06,1,0,06:00,18:00,1,83,83.00602388,FALSE,FALSE,10,TRUE,FALSE,TRUE,FALSE
185,9,Constituency work,00:30,12/07/2019 10:17,ASAP,,,w,12345,3,11/06/2013 10:30,2,0,00:01,17:30,4,82,82.09750301,FALSE,FALSE,10,FALSE,FALSE,TRUE,FALSE
186,8,Evening exercises,00:15,25/11/2015 19:00,ASAP,,,d,1234567,1,27/05/2015 11:20,1,0,00:00,23:59,1,84,84.00595217,FALSE,FALSE,0,TRUE,TRUE,TRUE,TRUE
187,10,Tidy shed,01:45,30/04/2016 17:30,ASAP,,,y,1234567,1,10/07/2015 13:13,1,0,00:00,23:59,1,84,84.00595217,FALSE,FALSE,0,TRUE,TRUE,TRUE,TRUE
188,2,tanita info,00:10,26/06/2019 11:57,ASAP,,,w,12345,0,01/05/2019 11:57,2,0,07:00,17:30,11,83,83.72574276,FALSE,FALSE,6,FALSE,FALSE,TRUE,FALSE
189,1,Faculty Forum: July ,02:00,19/07/2019 11:40,19/07/2019 12:00,,,,5,0,05/06/2019 08:27,0,0,00:00,23:59,46,83,94.89467846,FALSE,FALSE,8,TRUE,TRUE,TRUE,TRUE
190,2,REMOVE TRIMMINGS,01:00,05/01/2019 14:08,05/01/2019 15:30,,,,1234567,1,05/01/2019 14:09,1,0,00:00,23:59,1,85,85.00588215,FALSE,FALSE,0,TRUE,TRUE,TRUE,TRUE
191,3,Learning Wattbike systems,01:00,22/05/2019 12:03,ASAP,,,,12345,2,22/05/2019 12:05,2,0,07:00,17:30,54,84,99.85990186,FALSE,FALSE,6,FALSE,FALSE,TRUE,FALSE
192,2,email yellow background,00:15,02/10/2018 09:38,ASAP,,,,12345,2,02/10/2018 09:37,2,0,07:00,17:30,90,84,123.1097072,FALSE,FALSE,6,FALSE,FALSE,TRUE,FALSE
193,2,Crazy golf,02:15,01/07/2017 14:22,01/08/2017 14:22,,,m,1234567,1,07/06/2015 10:44,1,0,07:00,17:30,1,86,86.00581376,TRUE,TRUE,0,TRUE,FALSE,TRUE,FALSE
194,6,Desk clear and tidy,00:05,13/01/2016 07:00,ASAP,,,w,12345,2,14/01/2013 14:44,2,0,07:00,17:30,26,85,88.88756943,FALSE,FALSE,6,FALSE,FALSE,TRUE,FALSE
195,7,Empty out compost from bottom of bin,01:00,26/05/2016 13:00,ASAP,,,y,1234567,1,26/05/2015 10:50,1,0,07:00,17:30,1,87,87.00574694,FALSE,FALSE,0,TRUE,FALSE,TRUE,FALSE
196,2,look at HAS Safe Systems of Work (SSoWs 1 -10). They can be found in the red box on the biological safety page ,00:45,17/01/2019 08:06,ASAP,,,,12345,1,17/01/2019 08:06,2,0,07:00,17:00,117,86,145.2067492,FALSE,FALSE,0,FALSE,FALSE,TRUE,FALSE
197,7,Go to Clevedon Sea Front,06:00,14/07/2015 08:00,14/07/2015 08:00,,,Fm,1234567,1,13/07/2015 11:44,1,0,07:00,21:00,1,88,88.00568163,TRUE,TRUE,0,TRUE,TRUE,TRUE,TRUE
198,1,UNISON Branch Executive - flex Subject: Copy: UNISON Branch Executive - flex Starts: 07/08/2019 13:00:00,00:30,07/08/2019 12:45,07/08/2019 13:00,,,,3,,05/08/2019 07:46,0,0,06:00,23:59,20,87,89.26925563,FALSE,FALSE,10,TRUE,FALSE,TRUE,FALSE
199,6,read law at work or TUC WPM,00:30,23/11/2015 22:15,23/11/2015 22:15,,,Fd,12345,3,05/04/2013 08:53,2,0,07:00,23:59,102,87,134.0634178,FALSE,FALSE,10,FALSE,TRUE,TRUE,FALSE
200,8,Get sams phots framed,00:30,25/11/2015 07:00,ASAP,,,,1234567,1,21/07/2015 08:33,1,0,00:01,17:30,1,89,89.0056178,TRUE,FALSE,0,TRUE,FALSE,TRUE,FALSE
201,3,Show Sue Cortex teaching,02:00,22/06/2018 16:42,22/07/2018 16:42,,,,12345,2,22/01/2018 11:29,2,0,07:00,17:30,108,88,139.3125981,FALSE,FALSE,8,FALSE,FALSE,TRUE,FALSE
202,9,Sort out the woodpile,01:20,18/11/2015 07:00,ASAP,,,,1234567,1,08/07/2015 13:13,1,0,00:01,17:30,1,90,90.00555538,FALSE,FALSE,0,TRUE,FALSE,TRUE,FALSE
203,3,Visit mum,02:05,21/05/2017 09:00,21/05/2017 20:00,,,Fw2,1234567,1,01/05/2016 16:19,1,0,09:00,19:00,1,90,90.00555538,FALSE,FALSE,0,TRUE,FALSE,TRUE,FALSE
204,5,Book horse riding,00:55,09/01/2017 13:00,ASAP,,,,1234567,1,09/11/2016 08:13,1,0,13:00,17:30,1,90,90.00555538,FALSE,FALSE,0,TRUE,FALSE,TRUE,FALSE
205,5,ADI LabTutorServer Administration,00:25,13/04/2016 07:00,ASAP,,,d,12345,2,12/04/2016 13:50,2,0,07:00,17:30,55,89,104.6231332,FALSE,FALSE,6,FALSE,FALSE,TRUE,FALSE
206,6,arrange trip to London,00:30,12/05/2016 22:33,ASAP,,,Yes,1234567,1,30/10/2014 09:24,1,0,07:00,23:59,1,91,91.00549434,FALSE,FALSE,0,TRUE,TRUE,TRUE,TRUE
207,2,Cinema,03:00,29/12/2018 14:13,04/01/2019 14:13,,,,1234567,3,29/12/2018 12:13,1,0,09:00,17:30,1,91,91.00549434,FALSE,FALSE,10,TRUE,FALSE,TRUE,FALSE
208,6,Clean Car in lunch hour,00:45,15/01/2016 12:00,ASAP,,,d1,12345,1,24/06/2015 13:21,2,0,12:00,14:00,28,90,94.25497334,FALSE,FALSE,0,FALSE,FALSE,TRUE,FALSE
209,3,Tidy Rooms,00:45,30/04/2015 17:30,30/04/2015 17:30,,,Fd,1234567,1,01/05/2015 13:13,1,0,07:00,21:00,1,92,92.00543462,FALSE,FALSE,0,TRUE,TRUE,TRUE,TRUE
210,7,Refresh 1st aid knowledge,00:30,09/04/2019 10:58,09/04/2019 10:58,,,Fd,12345,2,21/07/2015 08:24,2,0,07:00,17:30,63,91,110.6797181,FALSE,FALSE,5,FALSE,FALSE,TRUE,FALSE
211,6,Wednesdays between 12:00 and 15:00pm have a look around the Furniture Store T-Block next to the Bristol Robotics Laboratory. The best way to access the building is through the BRL temporary entrance down the side of the ECC.,01:00,19/07/2015 09:01,19/07/2015 11:01,,,Fw1,12345,1,28/04/2015 14:36,2,0,07:00,23:59,89,91,127.2870771,FALSE,FALSE,0,FALSE,TRUE,TRUE,FALSE
212,3,Take dog for a walk,01:20,22/03/2016 12:34,22/03/2016 14:30,,,Fh22,1234567,1,22/03/2016 12:37,1,0,10:01,20:00,1,93,93.00537619,FALSE,FALSE,0,TRUE,FALSE,TRUE,FALSE
213,2,Go swimming,01:40,05/05/2016 17:00,ASAP,,,d2,2345,1,05/05/2016 05:00,1,0,00:01,21:00,1,93,93.00537619,FALSE,TRUE,0,TRUE,TRUE,TRUE,TRUE
214,1,walk,01:30,01/04/2019 14:50,01/04/2019 15:00,,,d2,1234567,1,05/01/2019 14:12,1,0,14:50,18:00,1,93,93.00537619,FALSE,FALSE,0,TRUE,FALSE,TRUE,FALSE
215,3,Algebra,00:30,12/06/2019 12:10,ASAP,,,YES,1234567,0,12/06/2019 12:08,0,0,00:00,23:59,8,92,92.34717104,FALSE,FALSE,0,TRUE,TRUE,TRUE,TRUE
216,10,Iron my shirts and trousers,00:45,18/07/2015 00:01,ASAP,,,Fw2,1234567,1,13/05/2015 13:13,1,0,00:01,21:00,1,94,94.005319,FALSE,FALSE,0,TRUE,TRUE,TRUE,TRUE
217,5,Read e-mail am,00:10,04/06/2019 07:00,ASAP,,,d,12345,2,20/06/2016 10:46,2,0,07:00,17:30,64,93,112.8937554,FALSE,FALSE,10,FALSE,FALSE,TRUE,FALSE
218,10,fit door handles,01:00,25/11/2015 15:00,ASAP,,,,1234567,1,07/06/2015 10:13,1,0,00:01,21:00,1,95,95.00526301,FALSE,FALSE,0,TRUE,TRUE,TRUE,TRUE
219,2,Music Theory,00:10,21/06/2019 08:50,ASAP,,,YES,1234567,0,21/06/2019 08:51,0,0,00:00,23:59,12,94,94.76286192,FALSE,FALSE,0,TRUE,TRUE,TRUE,TRUE
220,2,greenhouse,02:30,29/12/2018 13:34,04/01/2019 13:34,,,,1234567,3,29/12/2018 12:34,1,0,10:00,18:00,1,96,96.00520819,FALSE,FALSE,10,TRUE,FALSE,TRUE,FALSE
221,3,Wattbike familiarisation,01:00,29/05/2019 09:07,ASAP,,,,12345,2,29/05/2019 09:07,2,0,07:00,17:30,92,95,132.2459829,FALSE,FALSE,6,FALSE,FALSE,TRUE,FALSE
222,4,woodwork,00:30,01/04/2018 09:00,01/04/2018 21:00,,,d,1234567,1,30/01/2017 08:14,1,0,00:00,23:59,1,97,97.0051545,FALSE,FALSE,0,TRUE,TRUE,TRUE,TRUE
223,2,protect study,00:30,03/07/2019 08:09,05/08/2019 08:09,,,,12345,2,03/07/2019 08:10,2,0,07:00,17:30,31,96,100.8811182,FALSE,FALSE,6,FALSE,FALSE,TRUE,FALSE
224,2,Get a haircut for Sam and I,01:50,10/05/2018 09:00,10/05/2018 10:01,,,Fw6,1234567,1,02/05/2015 09:31,1,0,07:00,16:00,1,98,98.00510191,FALSE,TRUE,0,TRUE,FALSE,TRUE,FALSE
225,3,organising young people webinar,01:00,02/10/2018 09:21,ASAP,,,,12345,2,02/10/2018 09:20,2,0,07:00,17:30,106,97,143.6836804,FALSE,FALSE,10,FALSE,FALSE,TRUE,FALSE
226,8,Go for a walk or cylce ride,01:45,18/07/2015 00:01,17/08/2015 00:01,,,Fw,1234567,1,23/06/2015 13:13,1,0,00:01,21:00,1,99,99.00505038,FALSE,FALSE,0,TRUE,TRUE,TRUE,TRUE
227,6,Infra red cameras on kinect and energy expenditure?,01:00,14/12/2016 11:42,ASAP,,,,12345,2,14/12/2016 11:41,2,0,07:00,17:30,37,98,104.7520883,FALSE,FALSE,6,FALSE,FALSE,TRUE,FALSE
228,5,go to library,00:30,24/07/2017 07:00,30/07/2017 17:00,,,d6,123456,1,10/08/2016 07:33,1,0,07:00,17:30,1,100,100.0049999,FALSE,FALSE,0,TRUE,FALSE,TRUE,FALSE
229,8,look at html,00:30,15/10/2017 18:30,15/10/2017 18:30,,,n15,1234567,2,23/04/2015 15:39,2,0,07:00,23:59,56,99,113.7409337,FALSE,FALSE,8,FALSE,TRUE,TRUE,FALSE
230,3,Introduction to the Human Body by Tortora & Derrickson - now available as an e-book email from caroline plaice,01:00,01/10/2018 09:49,ASAP,,,,12345,2,01/10/2018 09:48,2,0,07:00,17:30,101,99,141.4284271,FALSE,FALSE,8,FALSE,FALSE,TRUE,FALSE
231,9,Put up punchbag,01:00,18/11/2015 07:00,ASAP,,,,1234567,1,09/05/2015 14:54,1,0,00:01,21:00,1,101,101.0049504,FALSE,FALSE,0,TRUE,TRUE,TRUE,TRUE
232,4,clean white board,00:30,24/01/2018 08:30,ASAP,,,,12345,2,24/01/2018 08:31,2,0,07:00,17:30,104,100,144.2775104,FALSE,FALSE,6,FALSE,FALSE,TRUE,FALSE
233,7,tidy unison library,01:00,20/11/2015 07:00,ASAP,,,,12345,3,26/03/2015 15:56,2,0,07:00,17:30,105,100,145,FALSE,FALSE,10,FALSE,FALSE,TRUE,FALSE
234,4,Xmas tree,01:00,10/12/2017 07:00,10/12/2017 14:00,,,y,67,1,12/12/2016 08:13,1,0,07:00,21:00,1,102,102.0049018,TRUE,TRUE,0,TRUE,FALSE,TRUE,FALSE
235,2,Look at unison poster printing options,00:30,29/05/2019 09:05,ASAP,,,,12345,3,29/05/2019 09:05,2,0,07:00,17:30,91,101,135.9485197,FALSE,FALSE,10,FALSE,FALSE,TRUE,FALSE
236,8,Go to shapwick nature reserve,02:00,25/11/2015 15:00,ASAP,,,,1234567,1,25/05/2015 09:52,1,0,00:01,21:00,1,103,103.0048543,FALSE,FALSE,0,TRUE,TRUE,TRUE,TRUE
237,8,Go To @Bristol,03:00,25/11/2015 07:00,ASAP,,,,1234567,1,09/08/2015 11:14,1,0,00:01,17:30,1,103,103.0048543,FALSE,TRUE,0,TRUE,FALSE,TRUE,FALSE
238,9,Test biopac stimulators and dispose of faulty one?,00:30,19/11/2015 07:00,ASAP,,,,12345,2,25/09/2013 13:42,2,0,00:01,17:30,107,102,147.8276023,FALSE,FALSE,6,FALSE,FALSE,TRUE,FALSE
239,5,Go to Burnham Fair,03:00,05/09/2017 12:13,06/09/2017 12:00,,,m2,1234567,1,07/11/2016 08:30,1,0,07:00,19:00,1,104,104.0048076,FALSE,TRUE,0,TRUE,FALSE,TRUE,FALSE
240,5,Look aty Kaltura : http://info.uwe.ac.uk/online/blackboard/staff/guides/kaltura/presentation.asp,01:00,03/02/2017 13:50,ASAP,,,,12345,2,03/02/2017 10:58,2,0,07:00,17:30,39,103,110.1362792,FALSE,FALSE,8,FALSE,FALSE,TRUE,FALSE
241,8,Journals,00:10,25/11/2015 07:30,ASAP,,,d,1234567,2,18/07/2014 10:23,2,0,00:00,23:59,75,103,127.4127152,FALSE,FALSE,8,FALSE,TRUE,TRUE,FALSE
242,9,Digitise the photos,01:00,25/11/2015 06:45,ASAP,,,,1234567,1,02/05/2015 20:10,1,0,00:01,21:00,1,105,105.0047618,FALSE,FALSE,0,TRUE,TRUE,TRUE,TRUE
243,10,Read a brief guide for analysing electrodermal activity from CA,01:00,25/11/2015 07:00,ASAP,,,,12345,2,05/05/2015 10:54,2,0,00:01,17:30,36,104,110.0545319,FALSE,FALSE,8,FALSE,FALSE,TRUE,FALSE
244,10,Design and build an extension,00:30,30/06/2016 17:30,ASAP,,,,1234567,1,27/06/2015 13:13,1,0,00:01,21:00,1,106,106.0047169,FALSE,FALSE,0,TRUE,TRUE,TRUE,TRUE
245,1,Tea Break (PM),00:15,04/09/2019 14:05,04/09/2019 14:05,,,d,12345,2,8/19/2019 9:21,0,0,00:00,23:59,2,105,105.0190459,FALSE,FALSE,6,TRUE,TRUE,TRUE,TRUE
246,9,French practice,01:00,25/11/2015 17:30,ASAP,,,d,1234567,1,01/06/2015 13:13,1,0,00:00,23:59,1,107,107.0046728,FALSE,FALSE,0,TRUE,TRUE,TRUE,TRUE
247,9,Watch film,01:45,11/06/2015 00:16,ASAP,,,Fn9,1234567,1,06/05/2015 13:13,1,0,00:00,23:59,1,108,108.0046295,FALSE,FALSE,0,TRUE,TRUE,TRUE,TRUE
248,9,Read book,00:30,25/11/2015 19:53,ASAP,,,d,1234567,1,29/05/2015 19:55,1,0,00:00,23:59,1,109,109.0045871,FALSE,FALSE,0,TRUE,TRUE,TRUE,TRUE
249,9,Read Cleese and Palin books,00:45,25/11/2015 17:30,ASAP,,,d,1234567,1,11/07/2015 13:13,1,0,00:00,23:59,1,109,109.0045871,FALSE,FALSE,0,TRUE,TRUE,TRUE,TRUE
250,6,train dog,00:10,08/07/2016 15:11,ASAP,,,d,1234567,1,25/05/2016 00:35,1,0,07:00,21:00,1,110,110.0045454,FALSE,FALSE,0,TRUE,TRUE,TRUE,TRUE
251,10,Practice German,00:30,25/11/2015 13:00,ASAP,,,d,1234567,1,12/05/2015 17:37,1,0,00:00,23:59,1,111,111.0045044,FALSE,FALSE,0,TRUE,TRUE,TRUE,TRUE
252,8,Watch Max Keiser,00:30,25/11/2015 17:47,ASAP,,,d,1234567,1,13/05/2015 17:47,1,0,00:00,23:59,1,112,112.0044642,FALSE,FALSE,0,TRUE,TRUE,TRUE,TRUE
253,1,Induction rehearsal session Starts: 10/09/2019 10:00:00,02:00,10/09/2019 09:45,10/09/2019 10:00,,,,2,,06/09/2019 15:12,0,0,06:00,23:59,,,0,FALSE,FALSE,6,TRUE,FALSE,TRUE,FALSE
